id,usd_price
1,67327.12357478125
2,74726.65919927637
3,108558.40630451265
4,101638.25227441269
5,185652.7265885105
6,62826.51683007094
7,230066.16942032202
8,125326.48092993199
9,87213.38362741689
10,64925.36340052522
11,161705.47496497288
12,170231.6999970156
13,65547.67897469614
14,141786.48770070943
15,94241.30964565513
16,88624.25822362273
17,137941.56404714345
18,78641.17632072244
19,63661.31037364932
20,52887.026856851495
21,75041.68264032419
22,81927.80128192992
23,64610.271481927295
24,71754.66199688509
25,59547.240487712486
26,122598.8519709504
27,47044.21623092941
28,104181.22477082198
29,171599.37020936352
30,107596.14990684489
31,66113.39765783622
32,193598.75218113163
33,62816.2033353196
34,73121.26357242466
35,92103.94050812541
36,48025.40678588699
37,134958.4277225502
38,110602.30320284939
39,118922.3462005577
40,206145.73009192984
41,98526.7648271274
42,75139.09876308488
43,66113.39765783622
44,54866.81122070724
45,90243.18435976011
46,80477.82860955171
47,145414.8128356873
48,110200.10271614541
49,68018.20315903088
50,58435.645822022845
51,135213.59083344555
52,87254.51315854958
53,65485.41343140722
54,87554.27022007108
55,221625.67754634426
56,105926.26650431559
57,74289.07390637105
58,93340.1006772174
59,103904.39768399607
60,93482.30430990594
61,62359.93827736506
62,155164.87780289966
63,70123.56036119394
64,96742.87053402113
65,92556.70192710905
66,57690.40516854999
67,137253.2565072139
68,184744.3348365874
69,86643.00826464067
70,128809.9703482052
71,74950.31631464408
72,61751.92534199135
73,101092.09868765091
74,162040.78552253882
75,104188.4120009338
76,162047.39059494165
77,98742.2040208688
78,116014.12783029738
79,117290.76959013948
80,99830.16428390547
81,76754.36013678987
82,164295.12785777025
83,80082.52298225038
84,66720.80739493227
85,64906.393305526486
86,45877.93696395835
87,100924.79304337497
88,65171.810721230155
89,75277.64408848336
90,86199.2447036371
91,105072.34203189689
92,70465.36364608601
93,98021.02218100542
94,158870.46051729703
95,156555.0113175261
96,60217.42309611367
97,195546.1691412099
98,54888.621552375145
99,73204.90050381853
100,99807.7909497705
101,212846.50420323867
102,48633.138548623254
103,172385.0938871509
104,106533.45087433133
105,104051.9892584793
106,266156.9200571092
107,106749.60976371661
108,171522.99772447738
109,313290.7767550083
110,143503.4704670279
111,86691.0840231061
112,156991.60523948088
113,145336.24344675473
114,55583.89684698217
115,87254.51315854958
116,212414.43479426333
117,49466.62980056149
118,74784.42061244817
119,150667.0702756849
120,142596.95674793204
121,102409.76449731248
122,64209.75317852229
123,276332.50640142214
124,421749.04616730433
125,71194.02816864569
126,81623.63075934147
127,104143.1575731679
128,76700.76239053012
129,120418.91536884956
130,55740.03703771499
131,156542.363117875
132,46649.148831602535
133,112262.12291172071
134,66895.90382917148
135,104143.1575731679
136,65742.41119208682
137,124909.91700841824
138,59275.16284908504
139,100317.03732415658
140,60740.36327330952
141,126438.37821547364
142,124046.51991183734
143,862712.3344079233
144,75138.01443111156
145,82460.4015708076
146,99146.92802403685
147,73929.94440237369
148,63527.86504389504
149,74475.95768817508
150,69883.48529622602
151,60968.72739592877
152,104350.98414764585
153,103207.533349469
154,150487.92816522706
155,46988.967612886205
156,49407.95900305449
157,163475.63006284685
158,155621.05713044642
159,260590.94249428794
160,213398.85627580297
161,106457.47362065932
162,55522.79733339096
163,145273.79967018834
164,132323.73010174837
165,68129.42526848546
166,107499.04151619038
167,150983.74387808106
168,58887.10271443049
169,63856.33875967749
170,51871.54704033457
171,65071.58033776451
172,60790.66138442469
173,125714.16485053879
174,251232.25147302257
175,178846.26793517877
176,109293.19080103228
177,90950.03955485525
178,60972.24205309592
179,146504.30247066144
180,56227.982478885606
181,98763.86452585757
182,104947.17714608938
183,142505.05612250275
184,86200.59123567252
185,95812.94178414562
186,95561.0886232835
187,83069.7709451251
188,87796.02659272034
189,61987.47721927786
190,128313.7429604315
191,108984.5162585607
192,101941.29348900524
193,59686.15647200931
194,60460.212133277215
195,98723.03026042116
196,125543.55942148337
197,106457.47362065932
198,88087.97672210043
199,94005.8512096052
200,139834.34319107264
201,157214.0072957718
202,137805.493089087
203,92633.90868553109
204,52867.66777507123
205,128691.76267628543
206,112289.32601694483
207,81457.81227481992
208,66224.01457999178
209,116313.91846434372
210,160809.23712576268
211,60056.342127304946
212,129449.27678306232
213,92234.81286350473
214,154996.53392991
215,56639.31960267022
216,163499.1900993278
217,68737.5901708994
218,105508.08858572306
219,104477.3140075398
220,120085.37597802017
221,62217.102215063394
222,101092.09868765091
223,98412.90989433971
224,45332.93270045852
225,52417.922782625654
226,65112.46442982509
227,101821.6375325783
228,154862.96402575052
229,65458.70956982667
230,99649.09088491462
231,191375.49508351844
232,72267.39384431798
233,120191.11982555738
234,104548.90814982909
235,152879.6638330764
236,186068.86549079526
237,170285.46846683824
238,99059.85496733141
239,71642.61139591047
240,171436.850875194
241,77499.50302366988
242,78870.37785188685
243,121140.32004537048
244,65893.54805261022
245,78835.54886096905
246,383152.18031139177
247,65543.90055444819
248,138725.42355487958
249,110187.16626295948
250,90497.45952730956
251,119074.89119451657
252,102800.36151004625
253,102417.05752584674
254,56633.6626260979
255,59971.27125211794
256,71535.91268769436
257,98457.35126259214
258,164313.378311141
259,90520.43876471069
260,98202.08422533181
261,78414.53906048054
262,128809.9703482052
263,63397.17609051946
264,83868.90128832075
265,146096.50877027874
266,74956.47543236519
267,102776.12707574009
268,118285.00734866856
269,68683.40319181286
270,96989.48042219403
271,45687.33530276438
272,138099.3424146335
273,52675.59998773415
274,125679.9129298172
275,117788.55143622054
276,87454.23702798662
277,164572.1459650988
278,52900.87917009341
279,123650.3558868375
280,73651.92112024546
281,52139.45018645386
282,59621.34955320858
283,255885.64182212783
284,150664.06825656156
285,56757.11957257314
286,79013.59405569806
287,71077.45360108242
288,109961.5962307862
289,79829.57214968417
290,63027.54012363696
291,86974.46760532686
292,133498.66767478606
293,65870.72458042194
294,162601.77951744877
295,79189.80359095783
296,63548.2385267835
297,167622.52382457667
298,132065.16639569702
299,121652.97120947677
300,107745.14026803832
301,63056.16473371156
302,104748.68445840011
303,170862.30157412522
304,57115.25434076072
305,49326.556198317085
306,125347.2624023577
307,88794.47464680186
308,113218.10852184471
309,72955.81565650122
310,88090.85187452802
311,123378.93471425182
312,65890.60533364292
313,138355.97327105628
314,83282.87969185862
315,65901.20487633625
316,56690.49101666617
317,74294.63542869185
318,56052.84869452483
319,150393.4280251151
320,201463.28229297698
321,61987.47721927786
322,49526.62154399282
323,84526.62601483923
324,107950.51626107845
325,79546.21114140491
326,175498.34393585558
327,99183.43403113379
328,60380.872268602194
329,86376.78096025153
330,121045.93933261151
331,52778.09446219601
332,48036.62153774118
333,98319.14354638197
334,271630.48242721055
335,71321.63803925256
336,120890.64951961595
337,110997.6295254371
338,65659.3473568187
339,61694.61826878809
340,58597.365013301285
341,221423.72390432516
342,93162.25135714516
343,44760.95764083725
344,177230.88448679075
345,63879.303951626855
346,124623.01624553876
347,58997.22340939661
348,42484.71325500825
349,100628.54923307574
350,133245.72559227812
351,205241.20244864028
352,122884.36306212249
353,114755.09375497264
354,128809.9703482052
355,164236.71791218405
356,66831.74011139575
357,113434.1424578388
358,152583.23186868234
359,374409.60428121337
360,81428.76249371839
361,129456.04320387532
362,117359.01242212082
363,61126.22050703357
364,104075.14512996243
365,91538.32926354684
366,46374.89664992137
367,44760.95764083725
368,133043.95391703432
369,141410.065263843
370,76446.70134720206
371,47193.890885902154
372,83662.61324958126
373,67785.88577792647
374,67808.60844663893
375,175111.41823105994
376,164724.93538718653
377,104407.00218615084
378,92756.53802730251
379,128809.9703482052
380,98738.3369750132
381,96872.00237558575
382,69886.46989325294
383,99424.26422549257
384,51508.535110165416
385,75037.04719245968
386,85353.58883123135
387,88509.4449282067
388,154996.53392991
389,62659.680147509636
390,91353.94047184622
391,56473.861302772566
392,196578.83067585868
393,206192.43900324946
394,100810.98958764538
395,126472.36549811345
396,109496.29166993957
397,134334.9096589594
398,165674.87735067878
399,77490.93004292836
400,50386.73033137362
401,65052.0458657891
402,58930.24810617704
403,79829.57214968417
404,98350.5134536786
405,115445.33026422275
406,54821.18173573285
407,76214.58340118543
408,124286.63385248014
409,65038.06949474718
410,74209.75084371747
411,55522.79733339096
412,143435.26689747028
413,239471.0597768889
414,93098.02228814409
415,62597.305120072284
416,156478.36561260716
417,126779.56329296365
418,47044.21623092941
419,56157.3899067589
420,112020.12130069821
421,154996.53392991
422,95830.79867103908
423,93162.25135714516
424,104615.38054040629
425,74934.21413546841
426,113278.35526227504
427,56544.26095108313
428,108660.07746929639
429,115270.44847472236
430,74306.0604319586
431,97563.08301980738
432,79275.82615382182
433,130356.29741784249
434,80585.82927890104
435,59453.65374902735
436,65038.06949474718
437,78308.10571169577
438,89604.21236897627
439,182529.6675472103
440,220267.8566538618
441,293891.4143633387
442,63686.96120123778
443,106749.60976371661
444,103482.65104645382
445,51036.99491523129
446,66776.89506642644
447,58039.482896150825
448,122724.76083385748
449,119955.09152447195
450,108228.44631781224
451,93006.63476184895
452,110900.65890819325
453,115624.90381250705
454,146139.7578588107
455,156959.13934576724
456,56473.861302772566
457,75189.6929430448
458,83122.82025415571
459,75631.41028103665
460,314415.1418493316
461,62400.14937686495
462,240996.7891374738
463,156721.44820387877
464,74294.63542869185
465,81699.44012881184
466,207341.70599041707
467,176639.9761841188
468,228252.98162351025
469,66720.80739493227
470,196945.96241216376
471,138150.6538814428
472,83305.5808325071
473,46374.89664992137
474,101495.49832719575
475,69639.32387531405
476,66568.4341254561
477,289467.8475555941
478,159267.59048520756
479,53774.93358037762
480,48282.63220586361
481,124587.70600466333
482,118210.15049711039
483,66801.67353057594
484,87438.80419627122
485,126006.33644534001
486,131667.0182238374
487,83957.68358907319
488,105146.16416969699
489,83555.71157820085
490,272563.66951687244
491,139307.24697094562
492,55850.643332500214
493,156590.40846077524
494,65996.47628958701
495,78881.04416919738
496,145425.5697403602
497,124303.78479750245
498,104656.18416559356
499,98575.66930255384
500,41732.41475127482
501,83448.79889396507
502,109924.6381418901
503,205890.0509337504
504,107693.7246524838
505,60445.56201240423
506,52789.43761519691
507,120229.66011617373
508,115882.57173322696
509,106505.78533298195
510,60439.34282962497
511,115814.71373552058
512,181494.54243344106
513,107854.32747816032
514,64925.36340052522
515,105986.70280246003
516,84942.81019334134
517,114731.37218746943
518,96285.75046471605
519,85985.84585471534
520,54039.440578409245
521,77122.70002150464
522,125070.16987234188
523,161075.58243384413
524,107408.40119232849
525,156385.16021081354
526,126229.85635410224
527,74120.2622392106
528,58739.99914901556
529,122402.89051163073
530,65203.87141214743
531,65913.48052630459
532,68567.50956195808
533,71038.7968820058
534,85336.22851382093
535,58917.58544433163
536,113436.05634285558
537,101847.47095063771
538,100338.59725143177
539,140696.34211178796
540,73121.26357242466
541,158478.62096337054
542,61062.290272692946
543,142548.49934745903
544,92507.76082450151
545,73288.63303863321
546,92386.65857105532
547,124893.21103921297
548,59416.196595561785
549,90356.58399488337
550,105968.13876109399
551,51943.199352691576
552,114669.37391740258
553,215331.10622415677
554,103443.80629879195
555,70075.0933085847
556,88509.4449282067
557,171133.20624878161
558,61987.47721927786
559,103451.58290045652
560,228499.15206321856
561,85825.38911655903
562,116513.76950731578
563,60286.30080454174
564,77777.47577163478
565,160489.64212659147
566,25685.999653360628
567,98298.95737184589
568,78202.85520321276
569,97337.04631807345
570,165627.88053927373
571,91275.27264456368
572,69883.48529622602
573,67727.10157276392
574,124188.42889616599
575,102949.63060710767
576,87473.02998758282
577,64443.5733197509
578,91353.94047184622
579,59065.1584815432
580,83671.7148645954
581,97170.2362078459
582,79642.77443291161
583,278092.07694552996
584,68687.68023496521
585,100914.31775376112
586,103361.5182579499
587,72367.14052304556
588,87254.51315854958
589,94353.09472937777
590,101758.22667619553
591,207881.70517109009
592,119650.85710019329
593,178177.8891652636
594,252433.47278380446
595,164716.1718535533
596,76446.70134720206
597,54762.99077982396
598,69738.87439227522
599,157025.34013519864
600,66655.80185563274
601,113805.46918582606
602,111061.46800090483
603,66875.76709459671
604,166419.58488986728
605,34158.583802427034
606,60828.46454487162
607,157126.58829531007
608,186919.7075134004
609,62538.99719875384
610,54372.62260385085
611,47390.287133885366
612,301492.3779163005
613,260311.1404562292
614,45908.91742285597
615,196436.71734406266
616,121367.12333174392
617,58193.39915425118
618,126246.46779437053
619,83861.76144414187
620,74205.05596261963
621,47280.17624216348
622,94101.73010967585
623,207398.61098072492
624,116678.53798599831
625,88624.25822362273
626,95830.79867103908
627,81937.28262531244
628,72449.9142909366
629,53427.74470756713
630,59546.702710260906
631,100418.2914967516
632,116971.02931835857
633,81304.53567559902
634,150624.69263734744
635,81810.46963637412
636,124350.66837333774
637,78752.58316132988
638,59971.27125211794
639,230122.63144757246
640,260914.1041215062
641,27547.064281324558
642,64879.15939833088
643,63107.170843427404
644,69821.62639156483
645,167430.98306707526
646,62929.04537904891
647,81750.16117740658
648,67231.37878689345
649,198465.05916716147
650,126638.34340903924
651,149766.8527480746
652,68188.54228080504
653,148625.11081786192
654,63107.170843427404
655,83252.74061897561
656,99532.24796055505
657,81606.09409833209
658,139994.28743630156
659,117860.93797909014
660,50675.56368426768
661,300545.405357549
662,84594.05298136512
663,57082.51421428428
664,156163.92993381436
665,162928.60842015216
666,64103.24863963213
667,59714.56923165512
668,84641.51133200033
669,207137.43633641303
670,211118.25209869957
671,50098.842190998366
672,48145.679949062804
673,62625.41829455531
674,60299.25546070355
675,70560.32624090178
676,49521.069224609055
677,106701.14636601358
678,71038.7968820058
679,128809.9703482052
680,81181.4908628597
681,56052.84869452483
682,66113.39765783622
683,211288.53411528832
684,102268.5299633764
685,80585.82927890104
686,82766.80295222631
687,55022.85863121707
688,62529.163696326665
689,73027.91696088586
690,162470.30300854464
691,148551.63061204902
692,91735.44011129923
693,65577.63578469749
694,193674.972767521
695,70061.48221925598
696,48025.40678588699
697,95830.79867103908
698,84437.99461895594
699,65203.87141214743
700,238732.68868121243
701,104476.35871546985
702,55847.7747517661
703,108163.43631097715
704,82231.69560381524
705,116223.23260224043
706,101599.08862681872
707,98439.17641905739
708,57172.38348155658
709,111729.01744516999
710,127113.93388870882
711,127521.63027302877
712,49273.92465185204
713,87241.59783558894
714,111325.96783861225
715,127570.35843452043
716,148724.04638595326
717,95938.63013860659
718,201357.25373779557
719,94152.41913235953
720,95429.68676480057
721,205697.0210982659
722,73501.55260391854
723,197793.13055190106
724,108623.5878337102
725,122123.35980580219
726,124330.50009333674
727,83169.83834368923
728,158086.0654683946
729,42469.508827700425
730,105518.2637266154
731,93295.27960348579
732,63116.833502462316
733,130038.1544347331
734,85030.70042332627
735,86678.96969667148
736,56473.861302772566
737,108292.43030117342
738,62146.00741315064
739,53427.74470756713
740,30911.061368046594
741,48025.40678588699
742,54912.315285559576
743,94531.47120072955
744,130569.01922426825
745,114834.55256368194
746,76081.58799855801
747,107992.8930353637
748,110523.7417988673
749,67172.82588394814
750,122134.65123938097
751,100975.84093201948
752,83574.65163631871
753,218885.60582167725
754,172014.50204874141
755,53259.392194356275
756,111260.11424976004
757,74934.21413546841
758,68363.51271163234
759,110900.65890819325
760,172385.0938871509
761,84565.18235738909
762,66644.5772414863
763,83868.90128832075
764,71975.10436633785
765,95620.9913830159
766,63489.264858928356
767,115889.56041123634
768,167347.20765962655
769,161036.93266525227
770,167563.11130723808
771,64610.271481927295
772,79280.39614360375
773,85574.48742946358
774,100860.47538077943
775,76408.59662635812
776,54617.63715177538
777,55435.52053655701
778,79920.88324872976
779,110428.47570091285
780,92602.41883213632
781,138351.51878181848
782,127781.95474760307
783,74305.91301359537
784,60460.212133277215
785,43662.04991968407
786,131740.4164220222
787,91658.85562706993
788,93754.90464606871
789,157486.23780552045
790,106125.11428863436
791,134958.4277225502
792,117860.38878819843
793,165493.83796150226
794,98920.4958129103
795,99333.68008672778
796,76386.77106105698
797,67014.46352274805
798,78449.2490860055
799,106750.31382082682
800,59440.057271044214
801,68470.87775926078
802,52166.464666840555
803,55346.01092133374
804,72657.65984525601
805,133033.07820874781
806,103623.48120808875
807,86822.68015172912
808,51470.314525558206
809,64120.909350975504
810,80997.81970623633
811,76581.43188644381
812,83381.0081961324
813,94665.67262758067
814,148564.51136474137
815,67231.1602900696
816,230895.8769169854
817,109162.03119843669
818,68174.12646578794
819,61217.09085631162
820,158846.8903534695
821,89222.16999585058
822,38750.15857666576
823,126479.65504677508
824,106774.08768535311
825,55343.30700710438
826,64999.626074672065
827,90952.33263806248
828,77968.6181741279
829,159312.83273771097
830,87095.00755543566
831,87454.23702798662
832,54412.77947166509
833,129957.30088054655
834,100927.77750249917
835,126210.01042000596
836,56252.1509359677
837,112696.27395195415
838,105995.7555496699
839,280376.1116326173
840,80555.08384241913
841,92768.14380445244
842,101346.94530345433
843,157520.078921924
844,145404.9093282617
845,87254.51315854958
846,173845.55556060933
847,150975.0406568225
848,91200.8268359645
849,67616.5493714794
850,146514.4753616766
851,57233.65082751384
852,82677.00126425999
853,81033.54824082072
854,88528.10675213595
855,177486.1365270705
856,57172.38348155658
857,91400.77363295101
858,125921.77041522427
859,99176.08968430216
860,110109.81405728574
861,169536.00464308835
862,75660.35952606855
863,214908.00967027462
864,149164.2365221201
865,109013.6339976751
866,60355.257245467925
867,74411.19637324379
868,103039.36158450531
869,62929.04537904891
870,173899.07969883617
871,86535.26452584332
872,74120.2622392106
873,111644.82370179062
874,111449.91180893706
875,154996.53392991
876,55737.52048830254
877,77006.33132908533
878,47871.26779042177
879,49586.61127135365
880,145561.62182279333
881,62074.99378525555
882,119126.07119837077
883,74040.27231950618
884,87650.81817978068
885,198465.05916716147
886,87836.18141204304
887,100860.47538077943
888,94693.64437293286
889,87473.02998758282
890,112682.34845752353
891,98575.66930255384
892,115643.88363855006
893,48025.40678588699
894,168326.9398215414
895,255885.64182212783
896,115419.71917732213
897,105908.63315006228
898,64279.03765619571
899,63001.036396429445
900,130002.69572798665
901,82178.4000596266
902,62819.040276421336
903,127362.45845114157
904,58254.117920601275
905,56461.72645790672
906,84958.50453531246
907,65476.89851079842
908,66972.42012508713
909,105131.11864702395
910,49503.25840333424
911,91969.32974228142
912,160218.24914154367
913,66416.4086082487
914,73746.31875729555
915,227451.59120910265
916,25076.52874807364
917,104350.98414764585
918,89822.86308549024
919,117918.650507969
920,67231.37878689345
921,103420.57571511155
922,144611.00125944155
923,92300.64179742732
924,65742.41119208682
925,88366.35099323622
926,43179.591812022074
927,51603.26689645272
928,66113.39765783622
929,81932.56020858066
930,47172.18483919246
931,83861.76144414187
932,92234.81286350473
933,155092.0830553598
934,60968.72739592877
935,74289.07390637105
936,186068.86549079526
937,200315.95185954773
938,112066.32257812652
939,85123.05359191335
940,50907.82120392471
941,58905.52652997647
942,474298.1542438831
943,143325.66694492652
944,102329.62939031508
945,118384.90098936622
946,89501.82262659444
947,87855.05639291559
948,56052.84869452483
949,88257.9917751425
950,71514.64725497187
951,78473.15914675286
952,306210.4573564061
953,151475.15110770235
954,105632.86848353589
955,69031.01114268119
956,95561.0886232835
957,63303.4265493594
958,85960.48816033987
959,150817.90554173276
960,64925.36340052522
961,66720.80739493227
962,92702.41993542068
963,66183.47223384652
964,55789.293955767665
965,157126.58829531007
966,70318.59206156651
967,51943.199352691576
968,212517.94441063955
969,123529.29992365054
970,81954.8897637081
971,73705.73749710902
972,84626.38902497462
973,164724.93538718653
974,99651.58153330302
975,90172.60084150241
976,69298.74046513661
977,147435.14509295768
978,239647.1391699452
979,213875.06180027235
980,81993.03444574052
981,136395.52039933926
982,46755.943810699035
983,80795.45043996349
984,279056.6213980696
985,117748.0459461036
986,111236.29126747783
987,108194.9934523938
988,74374.93429739933
989,50636.68969647578
990,194136.48784259308
991,67076.86775832255
992,148527.67490799652
993,171402.58752578645
994,160105.17414739815
995,156142.10280140658
996,58190.71760505473
997,61158.4091419078
998,59522.88717879634
999,149725.03470095014
1000,119764.28450283007
1001,123805.81763561217
1002,80098.17439842802
1003,73978.44575410221
1004,87254.51315854958
1005,52166.464666840555
1006,91183.10137282423
1007,300446.82545357087
1008,107619.62428913805
1009,50791.55977589426
1010,48025.40678588699
1011,314299.48913294356
1012,103102.77360024511
1013,98798.51427891558
1014,90747.12421296985
1015,94435.99736782967
1016,105737.0667835575
1017,90746.38356640631
1018,124452.56988227315
1019,52417.922782625654
1020,89671.02419641978
1021,87254.51315854958
1022,62526.39104565481
1023,108565.66745309152
1024,209831.72423588845
1025,87524.1497439662
1026,69753.60677037342
1027,116907.88251325817
1028,134929.4336106993
1029,108499.48459425737
1030,82153.68279826618
1031,174077.85735580898
1032,93754.90464606871
1033,132440.72819618043
1034,102108.61942666202
1035,77089.97256823638
1036,59453.65374902735
1037,51021.40775363874
1038,124871.77038107997
1039,55022.85863121707
1040,77525.10630043807
1041,87014.18205621206
1042,133685.9857400404
1043,114225.89895143986
1044,53657.39098055018
1045,56097.08239050732
1046,70203.76840198094
1047,252836.77123295027
1048,126889.06498045503
1049,94273.34169263486
1050,51094.43737723516
1051,86080.0027139401
1052,58124.223439601425
1053,122141.22825624522
1054,46592.501826169704
1055,123333.0334002618
1056,156141.1299151918
1057,53944.23823706263
1058,49466.62980056149
1059,85956.61353775457
1060,466015.6675012531
1061,45982.965539401455
1062,65038.06949474718
1063,47871.26779042177
1064,95243.57964323755
1065,77962.47293213256
1066,116640.48295693868
1067,125213.35337461518
1068,107765.25458950896
1069,123005.68071641278
1070,60158.47281218283
1071,137245.11966911494
1072,93754.90464606871
1073,92530.75988793586
1074,51493.51815297755
1075,130804.11868473193
1076,77748.11062097315
1077,157956.8176063878
1078,16225.162026732796
1079,144034.82242934665
1080,183381.98130218234
1081,73420.59453376368
1082,52465.4988927753
1083,71289.23284285162
1084,109697.98644016807
1085,67155.31990029896
1086,86955.78168734444
1087,170086.8944207105
1088,54386.45620647702
1089,72295.10588150939
1090,73572.01404794355
1091,224013.0296456302
1092,80887.88013031994
1093,95048.56493041548
1094,72170.8564194299
1095,70115.53372878263
1096,43085.0666102641
1097,92959.78343037848
1098,59963.11746328021
1099,73121.26357242466
1100,97115.89450752636
1101,56833.901411902545
1102,88056.15398089756
1103,96939.89299241242
1104,70678.00539141675
1105,97010.52741875846
1106,151310.8110243822
1107,107364.33581363698
1108,275642.21927111765
1109,124827.1559120624
1110,45550.48799193863
1111,68329.9384085497
1112,72942.2100446978
1113,165677.76053975266
1114,61208.038219923474
1115,82101.40170471555
1116,52465.4988927753
1117,61694.61826878809
1118,48127.877408462096
1119,91844.94938275823
1120,195246.3792029399
1121,105085.95131005
1122,124622.31353330599
1123,58997.66476265823
1124,123973.21162923724
1125,165173.0135422278
1126,69644.23162529164
1127,62142.425092701764
1128,192895.31082044056
1129,87825.2431854256
1130,97563.08301980738
1131,31238.400110142222
1132,104145.89975510245
1133,122271.46339069701
1134,125504.24709317707
1135,82548.00352549928
1136,122903.68609967551
1137,135783.4713730554
1138,43476.77747301478
1139,72844.63283012519
1140,72298.37912686005
1141,66113.39765783622
1142,75052.16918358218
1143,58562.07238480286
1144,109441.7135317637
1145,68298.54078774498
1146,158066.79901703712
1147,125113.75034410796
1148,92234.81286350473
1149,53503.525263217365
1150,109715.78824931881
1151,76126.11966832443
1152,80839.55139486893
1153,102707.91637539338
1154,69139.22829789943
1155,125679.9129298172
1156,161605.57346340665
1157,79970.62466199059
1158,91844.94938275823
1159,112623.75295923921
1160,263080.07332728425
1161,328090.94933331036
1162,163282.2839090587
1163,183864.66277512413
1164,52465.4988927753
1165,72010.99804071219
1166,69883.48529622602
1167,100653.98165265501
1168,65864.58091826072
1169,161888.61901478912
1170,91282.1530633659
1171,107424.65797214805
1172,99059.85496733141
1173,186583.75112817538
1174,49244.33807281486
1175,79955.38348410961
1176,73134.73058757589
1177,563190.681870876
1178,105926.26650431559
1179,72839.61763286976
1180,87473.02998758282
1181,189272.4598086805
1182,107148.28255301662
1183,112974.51073569512
1184,251090.48173361918
1185,80304.49093597234
1186,73878.2107695822
1187,74300.71166589139
1188,106100.31157821292
1189,99462.01004819116
1190,134286.06863092096
1191,154554.20986155706
1192,124757.68881717863
1193,83282.87969185862
1194,118435.4034128492
1195,109811.35457426675
1196,104121.64851052641
1197,192895.293723275
1198,78289.12660664256
1199,48699.72544526466
1200,121345.29163933168
1201,77405.63205048243
1202,65038.06949474718
1203,59686.15647200931
1204,60832.97697435275
1205,57603.06049627578
1206,27976.252033335964
1207,69420.44427967357
1208,93226.63119526162
1209,152609.5387782621
1210,43921.76879258387
1211,192643.95288456898
1212,55801.28418326079
1213,170816.50537990383
1214,165937.52765335454
1215,186532.91468566042
1216,121460.7106447525
1217,69485.18411981147
1218,102633.24249159433
1219,232528.8543130219
1220,58752.621527332776
1221,52465.4988927753
1222,50955.82892280151
1223,108023.94248842976
1224,164903.87333176256
1225,67192.8809279206
1226,62736.969450946715
1227,85574.48742946358
1228,138458.07391859882
1229,107985.57691658862
1230,119626.45847552913
1231,198070.81615415608
1232,152614.13511970575
1233,74374.93429739933
1234,111770.10794894028
1235,96671.2552469146
1236,55107.66874562132
1237,117820.65815420488
1238,49505.37443500324
1239,232894.87990804968
1240,96231.76671794995
1241,58905.52652997647
1242,66206.10181862424
1243,115542.44259933935
1244,185450.49887463334
1245,148687.43654879907
1246,227302.47834988832
1247,150664.06825656156
1248,73556.20800571245
1249,146719.80985156124
1250,73882.36336981613
1251,64741.33820530221
1252,266181.13442441495
1253,92865.45795487515
1254,58244.58618213205
1255,54217.84466338944
1256,205890.0509337504
1257,119486.16616400327
1258,90292.79207851448
1259,141866.83174381714
1260,288716.35450258205
1261,113128.03702615788
1262,161844.51105398947
1263,63686.96120123778
1264,125213.77177571398
1265,74677.669611292
1266,119626.45847552913
1267,44254.57760761426
1268,103061.50676603122
1269,61184.14249613487
1270,65309.19616949465
1271,170231.6999970156
1272,144664.45093061065
1273,65261.509514519814
1274,52417.922782625654
1275,156163.92993381436
1276,67940.49167609357
1277,64610.271481927295
1278,116599.65681029527
1279,164537.46077276688
1280,68614.18022539663
1281,68563.92974717545
1282,123973.21162923724
1283,65336.159858660234
1284,53964.971653087894
1285,33962.15417041574
1286,159905.83192973293
1287,128883.46958709373
1288,64905.25845311492
1289,170658.01128129917
1290,53882.596005988045
1291,47921.63731495599
1292,61594.57267912676
1293,148690.8744084048
1294,141851.38328906146
1295,71664.9171105916
1296,64315.4997576893
1297,160019.95445106842
1298,117695.86491380456
1299,200128.42345125304
1300,139644.57403418233
1301,55360.27636269883
1302,72990.65825297858
1303,64909.000087200315
1304,70195.72040637543
1305,109168.32302800348
1306,109566.89381108542
1307,95721.29388109631
1308,51943.199352691576
1309,46808.43651337662
1310,111618.06791967234
1311,47812.17966205488
1312,100547.39421703116
1313,77249.11198809838
1314,186068.86549079526
1315,198790.5908527545
1316,136375.70157571597
1317,59411.25270822364
1318,65353.121011725736
1319,80292.48048376765
1320,84728.06841379766
1321,62461.02415897673
1322,72808.12410663461
1323,120092.29740190753
1324,109257.49179809439
1325,65228.9784536822
1326,69579.35055774744
1327,72574.64773764285
1328,228088.46274758113
1329,104891.03136292273
1330,64543.51096027621
1331,41299.2213036251
1332,130151.3982176375
1333,180821.48014211105
1334,64610.271481927295
1335,143435.26689747028
1336,72653.93225803136
1337,114838.55597105595
1338,108828.68448406787
1339,105957.2841160218
1340,198465.05916716147
1341,54285.71092139771
1342,145565.03022360613
1343,125346.25050518052
1344,223576.53237860248
1345,71158.75544415948
1346,66113.39765783622
1347,91353.94047184622
1348,219789.4080358066
1349,107409.4673211217
1350,76978.6410361817
1351,180925.31290586918
1352,77575.09401582884
1353,99755.3123617362
1354,120347.92575616989
1355,71661.78085373364
1356,67834.26485797542
1357,102398.062039475
1358,78397.68989029496
1359,59818.32923194403
1360,101366.27944462908
1361,161659.60400341096
1362,102553.07096504119
1363,102417.05752584674
1364,260054.61993356602
1365,84626.38902497462
1366,146298.48304034688
1367,73705.73749710902
1368,68868.18349908327
1369,131439.5113445896
1370,183077.77443780834
1371,104354.00128829991
1372,120108.95171375643
1373,92630.1838706513
1374,55647.474650658216
1375,73566.08609796483
1376,151753.85804506438
1377,50966.051608707974
1378,98269.37497264393
1379,88981.94169724979
1380,47967.23346801136
1381,137166.8177659494
1382,95981.6719032737
1383,148465.45168422852
1384,84233.59583102782
1385,104827.25554273484
1386,77599.85028078605
1387,121036.88958383739
1388,122986.50551577203
1389,192423.8216791345
1390,73540.4053570472
1391,134854.22019804383
1392,123053.6860140092
1393,205919.9256963703
1394,69515.94001784408
1395,83604.95740571074
1396,59442.095539705406
1397,77176.87579053016
1398,47918.874913011874
1399,109051.52610624208
1400,182702.56651145162
1401,76114.06550010177
1402,64772.07907811
1403,66113.39765783622
1404,56273.856332267525
1405,124594.91900822041
1406,95213.46685639741
1407,117567.05620945283
1408,53515.07824332061
1409,87254.51315854958
1410,99553.60462816694
1411,49650.65429664319
1412,112411.28451799348
1413,180389.57873485447
1414,93162.25135714516
1415,127528.47079233367
1416,51644.27483780712
1417,96389.24883696328
1418,43585.65678111507
1419,52139.45018645386
1420,91813.34596762426
1421,168367.24224238106
1422,103243.40711470261
1423,66278.96962719448
1424,178343.81550316975
1425,82470.45748054255
1426,77405.63205048243
1427,395389.68150632485
1428,117550.84878250633
1429,79539.18027047963
1430,103655.34888638723
1431,128080.67680423013
1432,74581.54624593907
1433,47385.41713140661
1434,87573.08466146009
1435,131216.182365482
1436,172802.39271120165
1437,109441.7135317637
1438,66887.89952726458
1439,140312.11129759345
1440,77599.85028078605
1441,170029.95940181756
1442,57336.954967311896
1443,90536.35838439049
1444,84313.81390028927
1445,114320.53290353752
1446,137516.24170739818
1447,44730.18911662417
1448,153308.99460898165
1449,86062.82223621948
1450,104290.05547994573
1451,117629.76612361765
1452,105668.63220752616
1453,80042.23760385446
1454,66388.11857573234
1455,128356.85587996665
1456,102502.61380586438
1457,62133.17637853906
1458,30990.779593129682
1459,99339.58603694037
1460,73467.93545769069
1461,102413.04512119843
1462,74950.31631464408
1463,82478.62315268585
1464,50995.74594530714
1465,65038.06949474718
1466,77974.73220711522
1467,109293.19080103228
1468,149938.18490505157
1469,117090.84053990424
1470,103077.14689809366
1471,72555.19277179768
1472,83728.09653225727
1473,103678.0285107409
1474,70058.4951580803
1475,117923.30136771478
1476,345224.65540050494
1477,100478.8204281025
1478,108263.38183630594
1479,77617.126217404
1480,76027.3280147667
1481,191600.16762785963
1482,135363.87460541597
1483,91635.16834105738
1484,92556.70192710905
1485,82644.07843651445
1486,211859.47049567007
1487,77162.7358350088
1488,170937.68563847404
1489,147461.49946666427
1490,83381.0081961324
1491,64937.658253952744
1492,90720.64065027033
1493,65038.06949474718
1494,54017.557975739015
1495,64772.07907811
1496,57847.30720692948
1497,92219.95496063505
1498,92556.25352989133
1499,67346.70546899298
1500,71321.63803925256
1501,85527.6822739458
1502,90292.79207851448
1503,54558.98417827919
1504,48389.77503584998
1505,63856.33875967749
1506,77455.46137792096
1507,87175.22169948959
1508,107992.8930353637
1509,86757.19541229149
1510,283688.35326165217
1511,118813.31430023642
1512,120229.66011617373
1513,66113.39765783622
1514,72697.47940951584
1515,133054.801709549
1516,92604.32589693417
1517,55299.875150296895
1518,140830.1448508222
1519,59537.055612489836
1520,98618.04580082861
1521,125383.43297313464
1522,115543.6439571721
1523,94553.9461066037
1524,168689.901786613
1525,115391.6569633412
1526,111825.8312789018
1527,73080.8020990281
1528,55256.32311873714
1529,175121.5112035291
1530,75552.73973849587
1531,65892.89039233679
1532,82212.32512541785
1533,51603.26689645272
1534,94773.95475847661
1535,57172.38348155658
1536,66113.39765783622
1537,87254.51315854958
1538,59686.15647200931
1539,130055.0582665058
1540,89081.47101415895
1541,59521.65726749529
1542,411837.0478070349
1543,258744.5033618981
1544,93536.69630061786
1545,74374.93429739933
1546,136778.7743479128
1547,64132.24165413725
1548,71728.69099800305
1549,100447.70235228768
1550,106822.75817462195
1551,64745.5301277867
1552,84727.21657472353
1553,45687.33530276438
1554,138107.30208724266
1555,123438.45668979216
1556,99104.32959980122
1557,87877.56846452178
1558,244571.84253573103
1559,74577.24709638632
1560,89739.50534577577
1561,87754.67977175517
1562,48300.70192425838
1563,94576.8715067177
1564,103188.44787058729
1565,79395.39152491838
1566,93564.89852603912
1567,64610.271481927295
1568,70516.59856678643
1569,78594.05328127254
1570,145076.63981388172
1571,52822.17386713776
1572,62302.07390287876
1573,107827.17923201327
1574,75031.72050025797
1575,135077.17951000505
1576,87473.02998758282
1577,71547.20392688178
1578,53407.13796952539
1579,106035.474845367
1580,76288.31290503757
1581,112493.76529886913
1582,185533.09640558952
1583,96481.32910561725
1584,131138.50094780815
1585,61258.34634466299
1586,90865.0028565143
1587,64610.271481927295
1588,84723.1851978163
1589,146870.8071728808
1590,103864.57001286613
1591,115219.75597312463
1592,83040.29266938005
1593,101708.6461437444
1594,67231.37878689345
1595,162099.2718219731
1596,114547.68912178518
1597,63988.75118301399
1598,128210.1840792461
1599,109162.03119843669
1600,159547.45140376803
1601,107236.23691596586
1602,68038.76114898686
1603,75241.20826435839
1604,75031.72050025797
1605,128309.1802690199
1606,99045.97581115224
1607,92470.80825329814
1608,137253.2565072139
1609,98738.3369750132
1610,116121.87278080692
1611,304991.90289141226
1612,165746.08634187232
1613,108328.47745663047
1614,118741.90542293404
1615,156665.23190166458
1616,69876.26680482412
1617,120832.59606832411
1618,171096.4402395546
1619,167957.85471044554
1620,180271.91770437092
1621,943690.5469071933
1622,92890.76709627589
1623,144910.88126590432
1624,123836.54710713598
1625,142432.42134438732
1626,122452.94014471972
1627,114523.07978298466
1628,97755.41502284099
1629,63879.303951626855
1630,75931.64491047306
1631,131509.87704557358
1632,82057.75981088569
1633,87974.44836663897
1634,59250.10870598636
1635,93989.68999016278
1636,57107.05316274169
1637,68018.20315903088
1638,109007.93921586036
1639,54982.092040480595
1640,205621.32148870378
1641,69719.87325866804
1642,97599.83725670078
1643,76742.6801457066
1644,60588.63063935078
1645,52465.4988927753
1646,189224.36829814172
1647,90745.67461083703
1648,63403.08984308854
1649,47172.18483919246
1650,102486.9770972104
1651,87643.0896075763
1652,149093.38415381397
1653,92234.81286350473
1654,64781.204446088814
1655,158478.62096337054
1656,87706.05316091316
1657,195758.55218593113
1658,93162.25135714516
1659,217202.40329201537
1660,93504.60752297688
1661,70712.45914635935
1662,174152.67833533714
1663,76893.3929149306
1664,81129.52128539968
1665,96702.20469539896
1666,74039.8332792201
1667,69898.5022040715
1668,47751.67968344556
1669,194622.660623073
1670,92194.82465962188
1671,52566.591238273446
1672,48974.184311006225
1673,87254.51315854958
1674,106388.60713050827
1675,101600.75625749296
1676,61184.14249613487
1677,53054.21577500272
1678,63989.4300211197
1679,104479.40569352946
1680,69466.92405724434
1681,170231.6999970156
1682,153237.25911098125
1683,199474.3913011364
1684,55107.66874562132
1685,127235.2970842645
1686,111961.07183339074
1687,139644.57403418233
1688,113854.07357412728
1689,100927.77750249917
1690,93162.25135714516
1691,87350.68973172444
1692,93162.25135714516
1693,87254.51315854958
1694,93162.25135714516
1695,69423.68894499147
1696,65886.97260027965
1697,49878.21299516174
1698,59777.48770710331
1699,411097.99597914633
1700,174727.85562464624
1701,99691.9215874351
1702,161590.15042250315
1703,53312.35372166612
1704,128643.28678214733
1705,165817.32592013414
1706,111765.64467924027
1707,142703.32435766884
1708,141532.12544083825
1709,52258.8131593779
1710,85905.94805988946
1711,61987.47721927786
1712,213069.29047538264
1713,60364.74741823682
1714,96864.50498683206
1715,98133.40154903226
1716,112835.5010586979
1717,137253.2565072139
1718,87473.02998758282
1719,172099.84059816622
1720,70460.85354151133
1721,111559.57527319336
1722,95465.72534784212
1723,276333.0547740669
1724,196408.9740379554
1725,77265.1508835823
1726,88490.88386446208
1727,203274.03417981873
1728,69036.57306042619
1729,64249.97603387372
1730,48699.72544526466
1731,79829.57214968417
1732,92700.60041954591
1733,129992.31647896113
1734,65805.80985889891
1735,69659.19715421317
1736,61217.09085631162
1737,113849.41881503715
1738,48025.40678588699
1739,118834.28217273945
1740,121499.11430796281
1741,175596.4813350162
1742,104716.46179217532
1743,162284.68144655542
1744,97208.12145926527
1745,77953.1508385317
1746,122533.13345423191
1747,95561.0886232835
1748,171403.31848810895
1749,107580.92748120501
1750,62058.37937826634
1751,211729.05554399212
1752,94101.22541337133
1753,144546.63618621833
1754,196578.83067585868
1755,66908.15513382627
1756,115854.4900602132
1757,68968.13261936931
1758,80771.75095890301
1759,34767.63736986094
1760,105814.88360529694
1761,94945.7532352808
1762,148687.43654879907
1763,120504.85677250873
1764,154671.35481149284
1765,154496.91942465026
1766,96951.23602123068
1767,194556.89077218424
1768,79750.75535923733
1769,155489.5825837311
1770,177550.70575565897
1771,105339.53781593354
1772,77499.50302366988
1773,109841.28181704221
1774,126664.88823043833
1775,168339.3524014519
1776,126330.70850121754
1777,66422.233608404
1778,31834.846051039
1779,49871.04924310963
1780,127564.44402525788
1781,77728.28759322544
1782,65458.70956982667
1783,91094.12100232483
1784,125195.82642692499
